Rank this Wk,3 Wks ago,6 Wks ago,Industry Group Name,Group Composite Rating,YTD % Change,Day's % Change
1,17,14,  Compsftwr-Secur,93,103,1
2,1,1,  Oil&Gas-Refin/Mktg,90,112,0
3,5,2,  Busines Equipsupplies,93,57,0
4,2,9,  Trnsport-Ship,94,69,2
5,4,3,  Commsvc-Staffng,86,81,1
6,3,15,  Oil&Gas-Shipping,94,82,1
7,25,59,  Elec-Semic/Mfg,89,78,3
8,7,17,  Compsftwr-Hrdwr,92,266,-1
9,10,12,  Compsftwr-Enterprise,93,5,0
10,24,51,  Electronic-Parts,93,67,3
11,55,39,  Elec-Semiequip,91,90,3
12,14,6,  Medical-Svcs,80,33,1
13,11,23,  Compsftwr-Netwrk,93,61,3
14,31,53,  Elec-Semicfablss,91,37,2
15,40,52,  Elec-Sci/Msrng,89,77,5
16,6,5,  Compsftwr-Med,83,4,-2
17,30,8,  Hsehold/Applianc,88,34,1
18,33,73,  Telecm-Intrastrc,68,64,7
19,12,4,  Med-Research,86,12,1
20,52,35,  Telecom-Equip,80,139,6
21,53,78,  Internet-Netwksol,85,34,2
22,8,49,  Telecm-Cnsmrprds,83,19,1
23,13,7,  Med-Revenubio,72,15,-1
24,34,57,  Mach-Cons/Min/Frm,88,44,2
25,19,25,  Retail-Homfurn,77,31,0
26,16,11,  Consum-Electrncs,95,37,0
27,22,32,  Med-Homenurs,89,19,2
28,27,89,  Elec-Miscprods,83,52,2
29,45,45,  Finance-Crypto,72,16,-1
30,112,55,  Compsftwr-Desgn,84,-14,0
31,75,105,  Med-Distributn,83,-1,0
32,15,48,  Oil&Gas-Integratd,85,39,1
33,66,85,  Retail-Specialty,76,9,0
34,100,112,  Machn-Metal,87,18,2
35,76,110,  Computer-Techsvc,87,-22,-1
36,58,83,  Elec-Contract Mfg,89,57,3
37,37,87,  Diversoperatns,83,6,1
38,38,29,  Trnsport-Eqpmanu,96,29,0
39,80,33,  Building-Tools,79,23,1
40,88,124,  Internet-Content,83,1,1
41,69,18,  Mining-Metalores,89,28,-36
42,101,74,  Commsvcs-Leasing,88,15,3
43,18,50,  Banks-Foreign,85,3,0
44,87,108,  Electrcl-Powreqp,89,28,3
45,92,44,  Financesvc-Spec,82,0,0
46,46,61,  Banks-S&Ls,89,20,2
47,36,26,  Finance-Crdcard,79,-10,0
48,86,95,  Machn-Genindus,83,3,2
49,70,92,  Trnsport-Airline,77,-1,1
50,67,81,  Med-Hospitals,87,-10,1
51,21,30,  Oil&Gas-Explo/Prodc,80,32,0
52,41,71,  Banks-Regional,87,11,1
53,54,19,  Trnsport-Rail,74,17,2
54,71,67,  Finance-Comloan,90,-9,0
55,26,13,  Commsvc-Outsrcng,83,-3,-2
56,62,31,  Medical-Pharma,76,6,0
57,56,58,  Retail-Internet,70,0,1
58,23,21,  Finance-Invbnk,80,-5,0
59,63,38,  Med-Proftbio,78,8,-1
60,9,28,  Banks-Monycntr,82,10,0
61,61,65,  Media,80,-12,1
62,85,107,  Metalprds-Dist/Fab,82,22,2
63,20,72,  Steel-Producers,82,22,1
64,39,27,  Beverage-Non-Alcohol,69,15,0
65,98,100,  Consum-Eductn,75,0,0
66,109,119,  Compsftwr-Databs,92,-21,3
67,43,42,  Med-Mngdcare,75,16,2
68,59,24,  Cannabis,58,-9,-1
69,81,54,  Food-Wholesale,68,11,1
70,113,113,  Medical-Systms,74,-16,-1
71,125,118,  Leisure-Lodging,69,6,1
72,28,10,  Med-Devicebio,68,18,0
73,82,101,  Automakers,69,-10,3
74,29,40,  Energy-Coal,81,21,3
75,47,62,  Insurance,81,-2,0
76,72,56,  Finance-Invmgmt,79,-11,0
77,99,111,  Energy-Alt/Other,77,23,2
78,79,97,  Pollutioncntrl,80,-5,1
79,50,115,  Tobacco,62,8,0
80,126,68,  Leisure-Services,69,-10,1
81,48,22,  Compsftwr-Ed/Media,69,-17,-4
82,106,46,  Commsvc-Mktrsrch,77,-27,-2
83,93,60,  Leisure-Products,68,1,0
84,44,129,  Telecmsvcs-Forgn,67,4,1
85,78,64,  Compsftwr-Gaming,98,-21,-1
86,64,86,  Oil&Gas-Pipeline,77,16,1
87,94,36,  Containrs/Packg,78,1,0
88,96,91,  Commsvcs-Consult,86,-10,-1
89,32,76,  Banks-Super Regional,78,3,1
90,74,43,  Mining-Gold/Silvr,83,-4,1
91,51,34,  Retail-Wholesauto,64,-12,0
92,107,121,  Bldg-Constrprods,66,6,0
93,122,103,  Chemicals-Specialty,71,11,2
94,84,37,  Commsvcs-Advertising,81,-15,-1
95,68,47,  Reits,62,10,0
96,119,77,  Medical-Prods,74,-22,0
97,35,41,  Finance-Consmloan,80,-9,0
98,132,120,  Retail-Apprl/Shoe,70,-4,0
99,90,20,  Security/Safety,84,-5,0
100,89,84,  Beverage-Alcohol,52,7,1
101,91,99,  Cosmetics/Perscare,64,-6,0
102,104,131,  Hsehold/Offcfurn,78,-20,-1
103,110,69,  Trnsport-Truck,..    ,24,2
104,105,16,  Leisure-Trvlbook,67,-23,0
105,77,66,  Paper&Paprprods,..    ,-8,0
106,57,93,  Agriculturalops,64,19,0
107,73,80,  Oil&Gas-Mach/Eqp,81,27,0
108,108,126,  Bldg-Heavyconst,69,20,2
109,116,127,  Trnsport-Logistcs,76,-2,3
110,65,106,  Telecm-Cablesvc,66,-6,0
111,83,96,  Trnsport-Airfrght,69,15,0
112,95,75,  Auto/Truck Parts,57,-1,0
113,127,109,  Bldg-Residential/Comml,56,-9,-1
114,97,122,  Food-Foodstuffs,56,-7,2
115,124,141,  Retail-General,69,-2,0
116,102,116,  Steel-Specalloy,..    ,33,1
117,49,82,  Oil&Gas-Drilling,70,41,-1
118,120,134,  Utilities,61,0,1
119,130,114,  Consum-Spec,59,-9,0
120,60,63,  Chem-Agriculture,69,9,0
121,103,94,  Oil&Gas-Royaltrust,72,27,1
122,133,138,  Retail-Autoparts,61,-17,0
123,42,88,  Oil&Gas-Fieldsvcs,75,25,0
124,123,117,  Chemicals-Plastics,64,11,1
125,115,102,  Trucks&Prts-Hvydut,46,5,1
126,114,130,  Chemicals-Basic,55,9,1
127,117,104,  Food-Packagd,69,-8,1
128,131,128,  Aerospc/Defnse,62,-9,0
129,134,98,  Retail-Restaurnts,68,-15,0
130,138,90,  Realestdevel/Ops,58,-14,0
131,141,137,  Retail-Leisure,63,-23,1
132,140,139,  Retail-Supermkts,66,-15,-1
133,121,79,  Compsftwr-Financial,74,-51,-1
134,129,142,  Energy-Solar,..    ,-23,3
135,135,132,  Retail-Wholebldg,69,-20,0
136,128,125,  Finance-Mortg,82,-36,0
137,111,70,  Leisure/Gamingeqp,60,-32,0
138,118,123,  Leisure-Movies,70,-30,-1
139,139,140,  Bllg-Maint/Svc,80,-35,0
140,137,136,  Bldg-Cement/Concrt/Ag,71,-24,-1
141,136,133,  Compsftwr-Spcent,85,-41,-2
142,142,135,  Apparel-Clothng/Shoe,70,-36,0
